meanR,meanG,meanB,stdR,stdG,stdB,skewR,skewG,skewB,kurtR,kurtG,kurtB,kelas
159.23301977040816,211.7087252869898,246.39953364158163,58.70779692323641,28.295133804593984,7.347361993142514,-0.13940456556389996,-0.4975020817638398,-1.3051940322023303,-1.4159531166205377,-0.7565210636020967,2.25414507109406,
107.98094706632654,117.14656409438776,115.69062898596938,75.8146111588953,75.0669795738868,71.71252691223603,0.498809241344793,0.32828357093802274,0.5578586848133043,-0.5499664155487487,-0.6947824749314493,-0.4446690849346133,
174.00438456632654,187.8577806122449,186.05287388392858,50.84818744421784,49.25046680588193,39.652749913282264,-1.5721162592375735,-1.9209474982820516,-2.1164879639089245,2.3811871476823976,3.288633909888606,4.054170595275696,
174.33761160714286,184.0557637117347,187.1907286352041,80.11956905507598,70.99039512524604,76.16752433637049,-0.7409582217752658,-0.7195472484015455,-0.8064612349521838,-0.9266931086548973,-0.8942070713538168,-0.7767673664162498,
93.06080596301021,104.24876434948979,107.19545200892857,32.64455119550637,25.060789025722837,25.600309394270198,-0.47852359984324216,-0.8925660110866401,-0.33129768117502034,-0.7478376190030467,-0.5496277836576793,-1.349807779891025,
108.6993183992347,119.7284159757653,109.12930484693878,44.57783626940007,54.688365540618044,57.02045992248628,0.2523010737387228,0.24196845259901498,0.3192921158920235,-0.4448309884584196,-0.9434653555171102,-0.9179262903090888,
139.46404655612244,143.42847177933675,150.02897799744898,52.6399364868991,59.16532144409888,68.87254527419523,-0.5705305627562451,-0.8127156026884134,-0.6938571656054383,-0.44970729291304234,-0.31280945011730266,-0.7903228457102518,
105.45172991071429,130.64217952806123,144.71538185586735,66.1422914347222,49.92900645727774,68.00920936432246,0.29483091153687374,-0.19287185246616534,-0.5250223564658456,-1.1489869148123741,-0.8802791524657114,-1.094234965052984,
74.83890704719387,76.6053691007653,77.29655612244898,59.08922818812203,58.34262066612958,60.97845746238378,1.034027888075977,0.9201924331105262,0.7285262611718629,0.5388586386506611,0.10185573148253013,-0.45634683054840863,
195.93686224489795,197.44889987244898,181.0988321109694,44.08874914229881,42.430548223867966,74.6753572353549,-1.3354746714199184,-1.418031384573512,-0.9925796134503512,1.3882183100365912,1.8218720201211367,-0.4373316785732295,
134.9533840880102,112.17966757015306,152.81313775510205,40.37319281368245,42.883480861756226,51.64944547644622,0.6772439147128233,0.6631372808785172,0.12814792393472146,0.03318289708808875,0.026762702132021587,-1.0647817150064,
83.74190848214286,95.71918845663265,95.85869738520408,54.20083820074943,52.351182149289926,55.58821913780733,0.547966481709884,0.5152461690031428,0.49054655398509317,-0.743774765595659,-0.7456796221270321,-0.6942567523914742,
106.78593351403062,147.33514030612244,157.0408561862245,32.207277245783736,27.07793217522207,30.41662575870319,0.01725209590634716,-1.1496765296907316,-1.4138246968480073,-0.12332792534762405,1.2956927484669256,2.1443038097442786,
109.83954480229592,137.43512834821428,162.8532565369898,63.346092404939974,59.42823956453887,62.742689930110686,0.7419545759517162,-0.3165829369349659,-1.0131611899991706,-0.32470607115307404,-0.14262747956444466,0.052142527380565795,
135.48343829719389,134.60128348214286,127.24160953443878,40.07723834580967,38.779986360269305,43.97859420670378,-0.045762753494285706,-0.6458598060909015,-0.9267548256733875,-0.34919660297499044,0.16518417068295754,-0.042893430522436216,
115.00071747448979,123.74164939413265,127.13197544642857,64.6924511892658,64.7171568245861,71.06387366446032,0.10102628949524026,0.03196635103208803,-0.01498892565735098,-0.9222679598125882,-0.9850017405884879,-1.0840607740553188,
126.5484693877551,129.38881138392858,122.22038424744898,87.22212027093663,84.2622325699102,95.32113115308633,0.15667271246676692,0.15153444184213444,0.12103578881686392,-1.699487162261684,-1.6726333899450228,-1.7470226791738392,
155.84530452806123,155.1688456632653,148.58816964285714,29.520429887228573,37.83805362814645,60.85955473164823,-1.535788393010227,-1.2839349519144843,-0.4856000465927575,3.7047720625630536,1.5944341909399196,-1.3604385029592496,
115.11772560586735,103.15726642219387,94.02887834821429,51.41304088629018,44.93864555203891,48.13468568780956,0.6650734113066207,0.811067997584523,1.0630313294026177,-0.38483855538872946,0.07932934103893752,0.2931166933858971,
120.43957270408163,109.1031568877551,108.33535953443878,43.06594984488219,36.78885704651834,47.02305231142398,0.3437963632593414,0.5140911158003731,0.43925247778320403,-0.43923428044815127,-0.013146831478608512,-0.868178187108398,
116.65216438137755,116.59747688137755,112.29832987882654,85.40287555136752,85.32446784288116,90.0334244839953,0.4669673153794758,0.46599328912712734,0.47460211224063825,-1.4571066758494546,-1.4579253135268555,-1.4708932766018807,
111.412109375,128.7305285395408,137.3223652742347,41.5275560873443,48.6594694869418,54.33277241478343,0.5572318163714772,-0.04834551957403436,-0.19989962225858515,0.33695176117934356,-0.5797263051887267,-0.8330950395159777,
107.22905373086735,118.24663185586735,113.81632653061224,62.094856911762044,60.907435501373286,67.90138907342036,0.05099704676822745,-0.07605168800544668,0.056693595015515776,-0.8337513281282454,-0.8582544216347996,-1.213606576515277,
117.6938177614796,132.31210140306123,149.5471340880102,63.179930876368346,61.520699980322064,65.40504753687759,0.06266407073687125,-0.3992110959758821,-0.7883983782432519,-0.430430919062776,-0.5052914056050213,-0.5780596944983194,
56.00189333545919,85.20262675382654,95.36824378188776,53.72256337677074,66.78956206892731,88.70572796309297,1.2037725557625436,0.6412719801105053,0.7497170832095881,0.40510354026436923,-1.0218318009341592,-1.185295282811703,
100.90947863520408,104.56636639030613,104.9664381377551,74.65075664848406,81.17769950841966,83.48020928359323,0.7662001052166472,0.7464219851240265,0.7553661289576709,-1.0540493041632393,-1.2076087265054338,-1.2212255303971336,
177.26985012755102,176.45633370535714,173.18197943239795,59.66000412287804,62.06642343900455,70.37130779751693,-0.3239365459470594,-0.3644454701477677,-0.4976990417030596,-1.2334406409842689,-1.2075523050592103,-1.1118207875678097,
123.24246651785714,162.4806680484694,199.82764668367346,13.091613690387083,11.421689166603475,12.213404156163842,0.1622483815076564,-2.512081463291088,-4.340835300432196,12.890245627954469,28.822792606458357,42.39856879545645,
73.0728834502551,97.1907884247449,96.63265306122449,65.40113640359398,42.04213537406755,42.10268284618535,0.8462879333329117,0.4232259713403075,-0.08025987169008196,-0.4198258615884751,0.3534432779661212,-0.09160766602275938,
143.62272799744898,157.1633848852041,185.43530771683675,31.334445291954005,32.78892756618477,44.940010150129055,-0.7633369511867999,-1.4863700671516344,-2.405570564655893,1.4572640922882583,3.04872529253527,5.217940933631562,
80.38859215561224,99.73084741709184,96.68132174744898,42.30563373841652,45.36173040248549,52.56155138470771,0.16271937434231498,0.025788271210114417,0.07064478856337765,-0.7303243212313815,-0.8419965949064481,-0.9669890672324533,
140.75974569515307,151.04059709821428,164.43461017219389,62.7541545978527,63.11644597271286,68.48760068817172,0.23077661002198174,-0.21615591186229127,-0.6312490923608352,-0.9073015532896194,-0.8117316151267362,-0.8913711750299251,
94.78912228954081,123.59349091198979,136.08541932397958,62.1403792389651,63.963019361699864,72.97031294659347,0.4100736741868379,-0.09831621398756878,-0.4110164390650824,-0.8391006269946186,-1.0183287643096948,-1.109927548444006,
99.62177136479592,105.87177136479592,109.80759725765306,56.66310676750738,54.57869916407521,55.01265663160506,0.0051361963791816245,0.07213266574927235,0.09558135069580327,-1.3904196773154012,-1.1259524302866288,-1.0465867468373093,
186.7047193877551,174.21014030612244,174.58322704081633,53.614504096138276,51.33427543110389,55.62127876151176,-1.365082076769368,-1.3079954845544108,-1.3306489928548442,1.2963613701809704,1.0210037473726068,0.6964585221127706,
100.63006218112245,103.05193718112245,108.50811144770408,65.69502144089655,67.7323918838677,70.35727184239684,0.36019010254009803,0.34848894558150445,0.35222019121339376,-1.4661588382905102,-1.4917438936427871,-1.4961069558456377,
122.05970982142857,134.43088329081633,131.76034359056123,58.42066921582617,63.13731509734905,72.17541299490611,0.022968860170039802,-0.252565374042153,-0.30066905307161557,-1.1116469905167434,-1.3942195837625038,-1.5090450285055677,
166.171875,171.14694276147958,159.96193399234693,70.95549951309442,78.04016741020523,96.30873829857151,-0.6537819680470146,-0.4790871140592055,-0.3965011004783872,-1.002756384248813,-1.3065478975147924,-1.4687541945164695,
126.80550462372449,161.0540696747449,178.0186543367347,42.996194834440985,21.055808331963057,12.085944077113245,0.30834031336295903,0.5535876998883074,0.5630723593945132,-0.9212368739665959,-0.5408372265800181,-0.04354902196493793,
96.91438137755102,98.58332669005102,100.5604472257653,34.55697374537786,36.17286987356361,35.2139961297893,-0.563596106196582,-0.6381263647972966,-0.5861912464588721,0.08124081342295009,-0.12143786747821039,-0.12753169150973243,
193.02690529336735,203.97317442602042,208.1788703762755,59.30167862689414,59.42289822385185,62.49964598725839,-1.173346782456552,-1.493989918265043,-1.5446502597325014,0.507483276876334,1.4483119443973926,1.5124666691647155,
85.32146843112245,92.78766741071429,62.531668526785715,79.60298949028319,78.45479419077546,64.59425765333582,0.7411285946707097,0.6818336124929366,1.0134158468101961,-0.9152659101891913,-1.0003584927074274,-0.17427070623778995,
65.2782206632653,65.29276945153062,69.86467633928571,46.42212009598883,50.05416215391986,55.64422161878466,0.9642165282713316,1.028092042616131,1.0386898466421468,0.10924724346272141,0.0355486901754829,-0.09968905173189002,
120.21061862244898,132.72634327168367,135.5944674744898,47.023866119465204,41.35355532689897,38.91913083435145,0.08829848252446572,0.004366426993782466,-0.05592095529510507,-0.9292775376699525,-0.8565384180825801,-0.8079286025535914,
146.4099569515306,153.87123325892858,136.41196986607142,53.19057687056423,60.04029210174934,82.82154060813964,-0.5022895296292216,-0.40679793970569844,-0.018226793378695896,-0.4351404058544719,-1.0294395206774694,-1.6409357592410696,
192.23250159438774,186.35893654336735,170.10710299744898,48.96304947992315,55.353849187883746,54.57227774845549,-0.5331384596257543,-0.7492580037295562,-0.6272512661430334,-0.7348729914579177,-0.6362906801490169,-0.7695130420483665,
126.04595822704081,149.6116868622449,166.96717554209184,46.08803298606961,54.68989464633713,74.07056150398364,-0.6382009821073776,-0.9341729962278634,-0.8799101782274527,-0.27545605474611357,-0.5009892882488178,-0.868680241500225,
114.51460857780613,115.06020806760205,110.49127072704081,60.57729807452932,62.6768475532785,61.44392428065142,0.5641132364928314,0.40286975981906836,0.5839547236119241,-0.3715170317994354,-0.41800501830379133,-0.29085290264963026,
126.82415896045919,124.50063775510205,122.1733099489796,54.44950867206304,49.3307308444943,53.83721139110725,0.06384917084395089,0.5602933448319861,0.8705564415069247,-0.5046015888234345,-0.42430817778002305,0.7762329778486938,
157.99001514668367,213.67358896683675,244.67873086734693,51.96052928816276,18.56260738739447,4.856500953804324,-0.35421127864271734,0.24089313409405919,0.07965701302832419,-0.02108115365078289,-0.5950680388857461,0.14322670402156668,
37.6354830994898,59.342075892857146,80.35467155612245,41.097646180309354,49.601884550088016,60.06966191867158,1.020476730745783,0.4782991200663715,0.19629592139763524,0.20228351925267019,-1.145853823245369,-1.6015277987454277,
127.08314732142857,133.9284119897959,132.2246691645408,64.6025881980965,65.63842168019428,83.21331648736549,-0.3029491430121132,-0.3272742708634757,-0.2002668740285551,-1.200184375168659,-1.302565387751458,-1.552648670575282,
100.44429607780613,100.62488042091837,83.40656887755102,44.079680827666735,45.48986782967262,49.758584515617066,0.5001550709411469,0.4001037129671977,0.5721672602392425,-0.22819311189876723,-0.6157916754392536,-0.409120291663553,
43.824876434948976,125.00135522959184,161.7721619897959,69.26159894626193,42.19517407239941,45.510151121999456,1.4925236206939672,-0.08511942995008688,-1.607783058516739,1.045863112636873,1.7775368244771164,2.5371230360711063,
125.96131616709184,160.29468271683675,178.3787468112245,51.67977732595513,46.71808148738241,48.17673270833055,-0.29068622774442765,-0.852769251528118,-0.951859112401886,-0.7124085275326633,0.5977732138760623,0.23996955190640712,
153.53848453443877,154.10696348852042,156.0354551977041,79.15245292281385,75.22222272117742,76.08031495783447,-0.39998039561649107,-0.356972659281176,-0.33429377467970783,-1.1502074152230197,-1.1461737610871099,-1.186227995315935,
132.87816884566325,135.87452168367346,127.6141581632653,75.54937189806091,76.22602212545058,83.62932428986298,-0.24729215328056708,-0.1957389594534524,-0.03219909270147017,-1.2673710692680062,-1.3281856009366542,-1.54181666077,
144.50711495535714,148.83181202168367,159.61088966836735,85.58123968590242,93.93304278611322,102.52181483439551,-0.42606229355307623,-0.44101418424349853,-0.4562782486736722,-1.5781768247550079,-1.6061146423393444,-1.6109024358514512,
49.675462372448976,62.46597975127551,52.361108896683675,51.46502134595426,52.247186083004166,56.42628132854001,1.3588233636967002,1.2431786790750736,1.6377318697642893,0.9726259346904484,0.7708783661324663,2.4497234465963853,
138.0858378507653,169.54352678571428,203.61571269132654,32.15213819888282,14.482607263050467,12.921922752202255,1.5742840715335213,2.2501601036243293,-0.8330702411716279,1.5511877350109033,5.431679218954024,-0.1013707966589652,
131.38913026147958,195.26211734693877,217.28210698341837,37.90002236760363,16.30816258642933,9.845870333320962,0.6785775483018818,0.5455853294749705,0.11322837770993553,-0.31713647329628536,-0.033982370536152384,0.23743074933847508,
154.3209303252551,156.2196269132653,150.81397480867346,80.43808733945411,81.72007265574845,87.65983825289436,-0.4400103213215634,-0.6197283723503961,-0.6246921091543365,-1.3318281737571156,-1.2717617234618561,-1.403806720031111,
117.46653778698979,138.0740593112245,161.18303571428572,61.75542065090397,44.52742504956863,52.88165549039039,0.41124183336466774,0.38471297607194277,-0.1662438349233405,-1.2943094591640196,-0.7664408765093231,-0.893068134305659,
149.94106744260205,165.81680484693877,165.83826929209184,62.18856474328664,70.12841407661156,97.00403730799994,-0.2366491283533398,-0.7695834560961639,-0.8396441478349012,-0.9661282586555764,-0.7983513782657368,-1.1550573343960484,
77.82214604591837,130.13253348214286,160.4190449617347,62.500682526776096,55.108006965298024,55.85841325892402,0.2081631605897855,-0.5837050977785613,-0.8922916179324091,-1.2140070659747335,-0.8260007560559317,-0.5441958971822562,
131.3771125637755,129.49344308035714,138.9703443877551,60.12305923682148,61.43721872580095,60.87882016946275,0.05638744185051187,-0.1849259738917328,-0.6462764921884772,-1.223350298040797,-1.0072452989316731,-0.6560589927328917,
152.59709821428572,148.32071109693877,161.7566764987245,48.515547912189405,49.73648374814554,54.10057352405458,-0.7278443679263388,-0.7433824894791319,-0.7676895806072395,-0.5479980239856763,-0.5196872247229001,-0.49672904475924495,
89.95685188137755,118.97365274234694,149.4924864477041,44.126914033255005,43.47482273033737,72.73661319379447,0.3733650990912742,-0.03639842074243582,-0.5182546706050966,-0.829861547053854,-0.39171096626913293,-1.4345692802049683,
115.82208625637755,127.18263711734694,144.34984853316325,66.81660960030197,60.99612896400953,52.803969762822064,0.5463133521473257,0.4494366589748954,0.3930863952668245,-1.2743479634191381,-1.3118067475591983,-1.3185318461594324,
119.74133051658163,176.0927136479592,199.79516103316325,56.10318384813907,47.793327383443525,48.39252616376232,-0.645798607620957,-1.0820498641384158,-1.3527525369395053,-0.8432398358587263,0.17076754785103665,1.0481313490701956,
83.77909757653062,90.82417889030613,91.86079001913265,52.05529844245522,52.770201578435454,59.231281927834765,0.7826288070776769,0.6095021190925002,0.7010109170711659,0.17885929582053306,-0.12151823729508848,-0.33112325278390387,
156.38813376913265,148.73184390943877,167.12211017219389,56.6684327138113,67.9746452345759,68.50696153907504,-0.12551717877675242,-0.8518342440216715,-0.9273287455671112,-1.2184818716043382,-0.16402463503923137,-0.3413089333745889,
151.5748963647959,152.50552056760205,155.4735331632653,29.072218496399575,27.228771187205087,24.452703875082435,0.046851251204536815,0.14683465475618393,0.1428764672033019,-0.8234953865867798,-0.8109711907879653,-0.7217523721124075,
208.27521125637756,199.35493064413265,206.69529257015307,30.956586376892822,24.712135747924037,22.397949342023686,-0.19006696398096198,0.09130341873418307,0.31441857392523315,-0.9489929519108187,-0.42356764042685935,-0.7153948591690309,
139.63809390943877,170.75330835459184,184.9855508609694,51.209915249569534,49.574910232353034,50.98411002200992,0.029362320173569302,-0.4777090081208961,-0.7482182578279424,-0.8588258678999523,-0.789674064434545,-0.5463920744341602,
196.3171237244898,192.32804528061226,181.81098533163265,56.5558560210431,59.667065695979694,69.67050466905164,-0.6910454664928474,-0.619328523169071,-0.4861931870318024,-0.8389238890273032,-0.9640919064166904,-1.2665998213079037,
140.80949059311226,160.3056042729592,172.74756855867346,48.5699509689777,42.96802848746703,49.75807397807652,-0.6109858362706467,-1.3983310012542696,-1.4142140869773598,0.03248766236477607,1.6988803406659008,1.3741718633179065,
125.10178172831633,144.86069036989795,167.17065927933675,47.36008007093574,39.25166295834264,33.288827537705814,-0.01323535658771768,0.00677952822184852,-0.17185696502075398,-0.7846199423087326,-0.767522024928371,-0.7000453144307612,
106.87687340561224,111.54362643494898,110.62555803571429,68.58155055209834,62.56099264060674,71.14749902276941,0.07226382977872009,-0.043925101155706685,-0.30929277834980573,-1.0216001540998607,-1.0257487802193408,-1.3198556923648033,
117.431640625,151.1418008609694,153.49009486607142,80.4335910568428,59.347579947902815,59.21785748565963,-0.025408550344310693,-0.2880210998551461,-0.9345734149797262,-1.5965071009642011,-1.3301283915156077,-0.3148155209256962,
121.37055564413265,133.08643574617346,140.35214046556123,52.77604466841379,61.820810913422676,68.10608545320753,-0.34635587582568184,-0.37017258184073437,-0.21716046343685538,-1.255606964874064,-1.4591459036728904,-1.4947227281632203,
82.99101163903062,100.81321747448979,104.26700015943878,68.64803619050355,56.156456990395895,55.20903862961146,0.6748312848856538,0.5227101278977672,0.16129686439673643,-0.7908141935238415,-0.5248442108864064,-0.6639178910111454,
92.96514269770408,183.3942323022959,246.08755181760205,57.233170127177885,23.956978861144115,5.446326815620864,0.5060647395820551,0.3497320668673975,-0.7557866930642162,-0.4424256367670405,-0.5345301589116733,1.9271735806355066,
73.59628109056122,60.42426658163265,44.313895089285715,65.58978812166157,58.93573992738725,53.62214269040036,1.0655230961529476,1.271299198316879,1.7026741290912983,0.2706483585931583,0.8813338136469326,2.6170757286460775,
120.62902582908163,141.94186463647958,151.28884327168367,60.91511014083971,65.20043686248464,76.85179838953663,-0.22794139873909464,-0.6270945664792913,-0.5079275142848643,-0.7876816863979652,-0.8397526536483317,-1.1130467126700174,
111.70442044005102,127.64339524872449,135.16013632015307,73.03413174744098,58.03994632083228,49.40314005024913,-0.048141462749279315,-0.39951359112127555,-0.6177106421461375,-1.3353219770419054,-1.1876013809128931,-0.8569251052570879,
125.99790736607143,149.72973134566325,162.7922512755102,33.65632691550858,29.080426323022117,33.32185514821306,-1.1508590268449077,-1.6683322117960355,-1.8779905768052727,0.8963253988631159,2.153912706468496,2.6167090448581805,
113.21845105229592,141.03069196428572,151.82768654336735,58.134712020183244,28.00551743822849,51.71010994670399,-0.7007663314766056,0.32100517670225104,-0.4466632328185039,-0.7450198496314169,-0.9383796606537098,-1.3513060564932249,
90.12179129464286,86.30658083545919,87.45970184948979,51.51126101570164,41.92874132657538,24.77463412357536,0.23577943457066888,-0.11946029416088834,-0.5851811220444305,-1.5920652663072588,-1.68705658143422,-1.2107454352454092,
151.09817442602042,143.95563616071428,79.47829639668367,51.414340400046676,46.451312949912214,42.32175688464614,-0.6415667195845106,-0.4892125452203436,0.41365298271775114,-0.12279300620841616,-0.1521092870249392,-0.08840727981429275,
174.5777662627551,213.32481664540816,218.1517259247449,53.96306484612367,47.66037309412134,63.01293344528757,-1.0097933435619624,-2.5855311206294873,-2.3533390016742275,1.1218826598523766,6.234745195627394,4.367588076457673,
117.24796715561224,136.49665178571428,159.63335060586735,50.91636259987532,50.02709833232601,59.66035714030098,0.2914201715916085,-0.2071241491567157,-1.1050277311498977,-0.5730926270018859,-0.3945560420932144,0.09908562635010298,
98.25789221938776,164.3044284119898,190.1418008609694,29.20570887714326,25.65640452736549,43.91914417001768,1.1344372861312038,-1.7739993750060883,-1.9873043641972363,3.364397191031008,4.949887065435406,3.406379263954716,
99.37211017219387,110.87143255739795,120.97508769132654,70.33467186293645,52.87149479599047,76.2070584769617,0.6574578542429281,0.6013413390584076,-0.23292741054544397,-0.6431056610819805,-0.20201673258111397,-1.4113834391040951,
174.83910634566325,172.5331433354592,167.7513352997449,51.8212351441069,51.39308223408394,57.63571156271137,-0.9413838987495586,-1.1870992910396145,-0.9897562860685384,0.8739380594414388,0.65306066019274,-0.2529607575706123,
131.0773477359694,158.94660794005102,168.3928372130102,50.343682664226726,45.24730046303615,40.37527735975173,0.20763287696619276,-0.9213715271744807,-2.3986396303314708,-0.2965032933808902,1.4620305200968886,5.4336855708099225,
86.59414859693878,87.58177216198979,83.2232740752551,70.97294825360964,76.55506868464668,78.44292195827397,0.46908625474962057,0.31538711355741883,0.32066637471562703,-1.104890044214993,-1.481008722983053,-1.6057623548585085,
151.35188137755102,144.68901466836735,111.69800302933673,48.01336840472205,51.000081553041426,71.56972448715813,-0.018378088608783042,0.0004116640512880274,0.180819237925754,-0.972828993561146,-0.9357467192635691,-1.3865451008798315,
154.04396524234693,144.98939732142858,133.71097735969389,25.57229718005636,37.71343659192309,55.80642824717201,-2.100914395273359,-0.403982669518032,0.0028314015288453216,6.192045834005292,-0.617812235639271,-1.5376053761370039,
131.73780293367346,136.43319515306123,148.49158960459184,21.737341337850076,14.981992585920217,12.854944978011305,0.39751668423089453,0.20185146271737983,-0.35587790471228037,-0.950054015415025,-0.8979663603218357,-0.5659965861029805,
95.5247727997449,128.74557557397958,158.73337850765307,37.32715673088381,47.43085394515416,97.64671444646257,-0.0721695447900531,-0.789933681907175,-0.43648813365942885,1.4131344388381244,-0.2150404959380645,-1.5373236588320573,
108.31030771683673,99.0854791135204,96.6097337372449,59.98806756295121,59.35186854402155,58.68377791297662,-0.11224938812992971,-0.15919964094808914,-0.13833103702156008,-1.00937743261444,-1.1771131671345927,-1.2236716620012562,
104.64483019770408,144.78637197066325,175.13277264030611,54.674059849722866,41.52779045944906,40.55560484613922,0.10801920772584378,-0.526076480205958,-1.1858765195102785,-0.7271934787147587,0.019866672659820228,0.9292084512311822,
140.6307995854592,134.318359375,114.3873365752551,77.28851596132608,77.68970139467035,84.17828697828277,-0.020624178057676856,0.13227827536224498,0.45743860314810997,-1.3734824894853999,-1.354058399424361,-1.3442854681301515,
138.2188097895408,149.79077646683675,118.61063058035714,71.15154828258777,65.26499278747286,97.50340088113566,-0.0658343172642181,-0.19560494345993754,-0.05307298524903367,-1.4167571955192455,-1.2680100569016954,-1.793059915463579,
115.85281808035714,129.9463887117347,143.9333944515306,65.91939041583312,65.72184208205711,64.9070444108137,-0.09640491069153521,-0.2505109753561595,-0.4657157553113089,-1.2788726981590424,-1.133925031824137,-0.7593238426752604,
103.55765704719387,124.81949537627551,136.64194036989795,51.84166066568106,53.21383294870135,82.43966721477237,-0.14910890886587802,-0.35539637166472987,-0.5446818836839553,-0.9658480358384818,-0.9829508354093841,-1.3687990435632305,
2.7530492665816326,120.59040178571429,174.70944276147958,13.347894042878337,12.384754080707,9.539192456492884,9.399789981069672,2.457570956642228,1.3143032154791596,95.16281615876262,10.649104450926645,5.081754808856102,
122.78184789540816,144.12149234693877,158.05911192602042,66.00491646589265,60.350307916613346,64.45851568737437,-0.18509177172842464,-0.5442049932088949,-0.6394955489577852,-0.880474323417241,-0.3390206814090284,-0.42673530341829924,
196.37416294642858,201.87015704719389,192.84125876913265,62.058167459685066,64.30460738511891,83.91949236442325,-1.1421295921824557,-1.172672111705233,-1.0011116271593714,-0.032016576622210025,-0.15245527371654433,-0.8236435262606898,
115.88231425382654,133.42404735331633,137.03557477678572,49.0139033797866,57.748576170795204,63.38931697531728,-0.5542920575654623,-0.6236618020315308,-0.6013726363895047,-0.45428141675888956,-1.035659739470923,-1.1639000431864048,
80.96352838010205,94.61810427295919,86.3407206632653,59.58556066463503,59.1064799734352,70.78593826540197,0.27966337946872155,-0.06106413344837425,0.20144642152730657,-1.0428903329381318,-1.0994181008677595,-1.5069019046322487,
62.004225127551024,67.21364795918367,55.44106744260204,59.42883486918199,62.28770732667741,57.55340897578779,1.2058050691382698,1.1265746228558557,1.3576342801712307,0.7166567512928257,0.47262460214642,1.274675956035619,
100.45294563137755,143.5419323979592,48.35913584183673,42.58810292060671,39.80821163545,25.818187582231484,0.04553275325085654,-0.31479209807528463,1.306526708610149,-1.0439083428293332,-0.7416709447097425,4.066964613089062,
30.515864158163264,34.50155452806123,32.49043367346939,32.8214793872903,29.54706913483032,26.872338875191936,1.2971702636848488,1.6150488372439349,1.9087118672122372,1.5372131937036109,4.209045346708915,6.012891577342831,
97.8971022002551,115.66824776785714,125.08215082908163,33.468286936173506,43.573560410638116,64.64255644635237,-0.4951181730632002,-0.764638040107271,-0.37936774542004814,0.3815071375682195,-0.7022698677311503,-1.3119967184190575,
102.24631297831633,104.46783322704081,87.17227359693878,76.01173368554538,71.51706600725426,83.64661139362956,0.5346190596433417,0.6084604135805285,0.7959313314637737,-1.3449369336753811,-1.289248582630246,-1.191383927567059,
131.44373804209184,139.6160116390306,142.04294882015307,42.37592679770604,45.59277908428801,55.257950164545264,-0.6923324217495809,-0.7160636552728238,-0.5491016710566411,0.1355331705346252,-0.0321237815651636,-0.5859982331663613,
38.68935347576531,71.50713488520408,73.37529894770408,40.85107156103356,39.78208474546619,41.50694983105429,2.4315645741751166,2.073414557068561,1.9238142760232786,5.937753203720375,4.108591756194479,3.4441247955362364,
133.13813376913265,121.11248405612245,125.20450015943878,51.46334265914318,45.38022804764202,35.90540731632021,-0.16199387529330597,-0.06291709115474813,-1.1496735297236234,-0.775309526938381,-0.35865881722636983,1.3821447886016358,
97.98690609056122,76.67815290178571,56.509207589285715,66.62607244855958,56.15846284437979,46.16782200090268,1.406660376610582,1.8970992358515986,2.440227368448785,0.46952348438290104,2.2553338719094924,5.426122636892986,
73.07987882653062,58.252570950255105,52.56102519132653,84.9151178825704,78.11658324155461,78.33142361046326,1.343891240658054,1.7887000789935257,1.9009388821557052,0.061741168827558646,1.5004890305994163,1.8881780166343596,
33.01327327806123,33.3837890625,16.011918048469386,47.38159693212066,49.21856320300304,28.60961067340117,1.5638555522051028,1.4761976517108844,2.2054608692787254,1.62857283416822,1.0407002984623706,5.164759800112456,
35.988500478316325,23.95053411989796,13.986766581632653,65.6250562385534,43.31412868954377,18.13453809390218,2.3365502880534317,2.5713396214502886,1.9842874828343693,4.331071089406457,6.276683949165728,8.053492032463419,
61.32611208545919,42.28184789540816,16.646285076530614,92.44518969882834,77.13255735161766,37.15533794739402,1.293008861130184,1.7577947861963652,3.2735289369507243,-0.07805284295642867,1.5081917453825788,11.049799192418824,
26.28290417729592,20.898895886479593,13.96468431122449,33.046687721161845,30.415060329166728,25.9930034602835,3.546255044645835,3.9983310924398445,4.882015336013215,15.980087395766276,20.21665204062674,29.754212006768107,
68.2582708864796,74.20780851403062,84.49079241071429,48.28352874790172,49.14241877883095,52.9433952820917,0.5810156516582629,0.28730090751636417,0.19168400750333284,-0.3998790337322573,-1.1722984501245766,-1.3578843405205,
24.01885363520408,21.656409438775512,45.22608418367347,16.280475840214468,20.220312044747274,23.18265414539621,4.582237725217809,3.4066152175172997,2.7590019906617598,37.21158320980033,18.727949661622777,11.60886492689028,
24.081572863520407,17.407047193877553,14.487563775510203,30.30278915640403,25.978051986839507,23.798610229338465,2.908783899243867,3.176971412733263,3.3831593767527828,11.542919089258131,14.361467807156966,16.603171951804416,
48.96912866709184,35.490254304846935,24.600625797193878,67.61172183471166,49.13190553306163,38.89555446287466,1.6550707952546067,2.051691564082653,2.5715014583957085,1.6916608080933662,4.029200588687818,7.313790891130244,
113.13408801020408,83.18269690688776,66.94700653698979,92.20559034884482,59.77102190976333,40.646218970492384,0.6419869276099219,0.9610258232539101,0.7965419682629805,-1.4599093811526431,-0.5843102859201066,-0.946966495640619,
63.322883450255105,58.44174505739796,43.245874521683675,35.19966620893092,31.701135754849176,30.887854301132755,1.4248959042634752,1.4888811615464819,1.7243840959479384,3.276231787924016,3.987235026734475,5.344290462877392,
103.86840322066327,100.92121731505102,80.56226084183673,43.71968293286994,47.3852928995921,41.430942410488896,-0.8114278680901639,-0.5945191809567121,-0.39815820249368633,-0.691925089383683,-0.8808274594555421,-0.8632466153664975,
35.56987404336735,27.237165178571427,18.1810227997449,46.7590792464983,44.364963594103564,40.98960618363008,3.0649717233223814,3.7733389466671055,4.227330223392043,10.509525489646972,15.182855911818379,18.155686547154925,
46.5827487244898,62.816087372448976,87.02527104591837,51.0632182358562,55.81843567287475,66.0593766089919,1.1177857690102635,0.6415826903136074,0.27736922895571137,0.6557440557696084,-0.4816634312284638,-1.1926730604901383,
63.65435666454081,49.77578922193877,45.38632015306123,70.36446074780069,49.31916761199714,42.797169153378704,1.1880348401228173,0.8492210631354707,0.5279272068383749,0.28454138624190284,-0.3886398265367217,-1.150666210378512,
45.25591916454081,24.384367028061224,24.384586256377553,66.1178976220628,37.42433829061364,18.075159988831764,1.9706784293805573,2.7509427014492207,4.529435269867017,2.687048368130501,7.88419575724874,29.200143895396522,
49.13628029336735,48.6240234375,55.26430963010204,51.29771261549729,47.82230004151756,42.73018321037711,1.5082289133364986,1.8603707635230962,1.9964023147644614,1.8876320477145123,3.499967229310567,4.233416124328831,
39.594108737244895,20.4771803252551,11.981305803571429,53.29056912834216,35.94086493548693,25.073174345588253,2.067715947942962,3.623402135842259,5.0948241727193855,4.063691776812432,15.273815526220414,32.19174363395221,
33.814333545918366,33.6154934630102,33.30219626913265,67.08707794360399,70.51502475661353,70.73360249754704,2.271386995324699,2.271919942731057,2.2601487218128673,3.9014563773441058,3.7373596105573252,3.6676268944981407,
29.265146683673468,61.785275829081634,48.81283880739796,51.641712981090606,62.75663232825264,59.43710791834435,1.9553620442495052,1.107025719792981,1.3969328003052783,3.1376530835653442,0.15933990694446765,1.066707965488857,
13.983458227040817,31.492267219387756,37.910853794642854,31.40840663930196,29.794892692775413,30.122644795117093,4.112552688162495,2.8039125034640984,1.9946149229329058,19.641494610237775,12.698151054976694,8.242391688281414,
78.67619977678571,48.77252072704081,73.01476801658163,48.3796791612269,36.74316289817749,70.64570087524372,0.310964698556834,0.617806388020922,0.5166700912070965,-0.8424875267595184,0.48861715384158577,-1.3963323395952798,
75.53146922831633,73.2485052614796,68.51925223214286,61.933813381038156,55.70025943589113,53.51873476223571,0.6881528956434846,0.8811253166587855,0.9645528387085697,-0.48624523706106126,-0.004280556025836102,0.31641875182084833,
32.542948820153065,22.863360969387756,15.145308514030612,65.98997142165224,49.86497337061711,29.67789504787595,2.505790153728376,2.8097222402873876,3.6592530478342855,4.814484638665033,6.6144974075840235,14.777865657830777,
38.24459901147959,36.42456552933673,52.34524473852041,55.0383897930443,45.279408324870246,51.540849722899736,2.4182630148877915,2.967473985036839,2.147894849228961,5.350273993194184,9.099837194051112,4.659483114327563,
33.106664540816325,37.8454440369898,25.055803571428573,55.35957856309408,54.42175637861319,44.969650725882275,2.23264476161051,2.1238044641091647,3.0710419899035433,4.3660830247304965,4.257258304503988,10.111162198493215,
166.54880819515307,163.87085459183675,142.86098931760205,62.04059931033545,66.42001900136826,61.89122542242242,-0.9532262528954177,-0.8120505833034722,-0.49050550544974114,0.07662206885832701,-0.2067874565224952,-0.26896949614485344,
49.37115353954081,45.57744738520408,49.42358896683673,28.23187707687012,23.57048963204544,22.367510040746343,3.9144127638923663,4.436484464818843,3.7767061658318126,16.888596319708423,21.495467764498933,18.16105366061016,
14.707429846938776,34.597735969387756,45.83282844387755,7.544557097664878,14.568475813892878,18.093042157841104,5.2010503385564935,2.1771505346424584,1.6037364171832684,98.73208377586253,10.954092562573972,5.623723166281744,
49.55462771045919,35.849928252551024,26.28154894770408,62.59506390586702,45.91545787811379,32.557142770834574,1.5203068350280933,1.6812169371657042,1.6145745622284526,1.5946304370402888,2.584424660780819,2.524422467036149,
85.28985969387755,105.29954559948979,137.3682238520408,58.83478201259957,67.03653599787611,82.47756593073083,-0.1322693218685275,-0.325272116150232,-0.4585864475824122,-1.321730044191182,-1.4217518339386068,-1.3639983665865358,
58.515625,55.66021603954081,45.44676737882653,56.37860153088903,31.061994418819204,24.109665797076417,2.0109232651590596,2.259564651656747,2.157582490568102,3.4327000612521053,6.035850013566016,8.09537263992463,
47.448660714285715,45.461495535714285,37.00912786989796,66.98749088262434,60.440256663135706,49.50155325947216,1.4780533513836251,1.5380733577300034,1.997293286589778,0.9904664930729239,1.27539977330642,3.1854387162516122,
63.85439253826531,56.48559072066327,73.69475446428571,48.69195634354278,40.51064497324351,40.64494086231633,1.0430226220125434,1.018295109099063,0.36861804797315084,0.9320049469948763,1.4004180629148077,0.17339322314306838,
90.80562420280613,110.20856584821429,119.6805644132653,48.94106397903738,54.047148632641544,58.700894399631096,0.11863013399526323,-0.17006484282346834,-0.278415793357292,-1.1375671807475867,-1.0956545666128181,-1.0600483674137093,
51.77206234056123,52.76630261479592,61.90517378826531,49.33225313037692,38.434122773604926,35.88907418788548,2.2471973767418114,2.6588811795741885,2.5389032415196486,4.929231804674653,7.534327753149524,7.404897756742564,
91.84759646045919,101.78846460459184,89.52100605867346,61.04328265668752,53.51715717554034,61.22221944238979,0.45102497533063934,0.1771761140060416,0.8308354360136567,-0.7891920978275704,-0.767673698099256,-0.3004873240921797,
36.894312021683675,29.396723533163264,23.20802774234694,41.58208897947412,33.19659091510246,25.752794905418654,3.3586983318220764,3.3988006709872245,3.4674680103894273,9.56885487947834,9.915503398201112,10.705609901852432,
80.32517538265306,56.83852838010204,36.437619579081634,57.48850235092361,39.20747224753169,27.670730726033927,0.9262131800240964,1.2492459481488807,2.0626480957802755,-0.17372394918609757,0.7307129623265705,4.515968721171367,
35.07445790816327,22.894471460459183,18.628806600765305,29.65659435392023,10.738115451656668,5.54136650334511,3.682110003260375,5.494360149281594,2.88481852950059,15.027874218851203,37.48273937076539,24.934132014958678,
40.55660076530612,57.43002630739796,84.33033721301021,53.98798156530973,31.96724918997849,48.06430493344452,2.48052748503358,1.2143249737772253,0.17650209135024117,6.048770860269599,2.4691834590634834,-1.4240584333223807,
52.76488759566327,87.22159996811224,107.00330835459184,77.40485583200119,65.81216219938734,65.11915795185287,1.2955109485535254,0.8913916078141012,0.7873460475308184,0.18635909478121304,-0.5268353540516357,-0.7333118856900684,
49.25874920280612,48.136798469387756,70.44489397321429,72.10591340734791,57.310483944735566,49.322384139101565,1.6794650734484937,2.3436990058036398,0.8678859579434507,1.59055495767414,4.424950693834832,1.3079932249332016,
34.422193877551024,54.42022082270408,83.38891103316327,39.757558144655675,21.922845199937463,26.793909010641368,1.5674571284653693,0.007231636462860481,-0.3181773843922225,2.868573067066884,0.16911160008691617,-0.01866469011351901,
54.26426977040816,120.30484693877551,165.40124760841837,57.612549596342284,50.425312240789985,61.796453875712935,0.7826419652031058,0.03512459073949283,-0.5158361996218552,-0.26348698853574115,-0.941341981853447,-0.90759881076327,
34.97255660076531,52.71619897959184,71.25741390306122,55.108042507968776,48.76176529958001,51.19328526471764,2.0799060895113883,1.7741643970501353,1.516902476463081,3.69326681136491,2.914868330851702,2.187214976852861,
19.06576849489796,18.819575095663264,28.074119100765305,31.3366671181534,29.67279093630322,37.80010479264134,4.3444727643477785,4.097000074214242,3.0804798863560245,20.713946036115544,17.69721404871038,10.531902453725937,
74.57152822066327,42.7287747130102,96.6090162627551,54.64447018605981,44.312575985232606,61.201631855122656,0.6828031743096205,2.8264940129697487,-0.041358446701366264,0.4837645321008468,8.278076056738843,-1.0617084826601575,
86.0616230867347,124.37131297831633,139.00490274234693,87.90357225627443,102.93318151626892,107.04218883043767,0.4484662920904115,-0.11086469068490226,-0.2857273495949341,-1.3640892963258433,-1.7346303983072977,-1.7208974550725604,
62.876534598214285,55.28242586096939,53.861686862244895,83.46891130482764,71.59348801372276,73.03303922728668,1.3273112522828117,1.3604946039075494,1.367143983004878,-0.14141402995943952,-0.06131429977270075,-0.053278494787243336,
13.87549824617347,9.10873724489796,7.254284917091836,31.939063534287016,17.760144329205918,12.38544976200764,4.900876934764045,7.495089059857327,7.540721009782523,26.664748926265556,63.957004161961976,68.79703117814954,
121.97951211734694,112.99194834183673,126.99980070153062,40.315829275011424,35.06981601206058,38.7798837611281,-0.8292231421793629,-1.0816749017278404,-1.3779574051487131,0.0854328867692864,0.2475033543378431,0.5314125294688696,
71.40547273596938,58.26791693239796,53.441685267857146,64.51331758073192,53.09109125528287,47.27649976540179,1.21169343917581,1.3001665435589345,1.2659813435418026,0.24992369679290505,0.8288073675183134,1.0407811671853882,
61.102897799744895,35.07188695790816,39.499382174744895,54.23488973788752,33.00554779280739,44.53194077983007,1.6409896711802174,3.4484537129128596,2.967988154876961,2.1736068466391485,13.070891369719746,8.729470016421063,
38.95455994897959,32.59213568239796,30.929508131377553,60.2699150436823,47.17360884379806,46.823086829736894,2.3964955556344427,2.60553931416718,2.613280751805302,4.893915012873903,6.785083967741061,6.658297512530085,
52.35239955357143,79.99258609693878,94.53902264030613,62.96864648278157,68.35419564810823,75.93589478148101,1.3431059922807176,0.9640343579034916,0.7248147727260073,0.377060298161469,-0.612497048842175,-1.0890039436717882,
15.374063297193878,32.293247767857146,44.4841159119898,19.046960778116567,23.787699650501374,28.830879517752777,1.9652028289043453,0.5293371767361102,0.5019528557204478,8.174243637823704,-0.2743679909096337,-0.8098485104579711,
22.032605229591837,20.015485491071427,15.64371412627551,42.29591621441555,29.70377003406396,17.099195513058103,4.202486468683725,4.7549944556136134,4.203174267288393,17.744467430906916,23.382789769778686,18.958121232051294,
54.20493861607143,40.927654655612244,30.678232621173468,48.44852606898124,38.44038622252461,31.584123877225615,1.5190006321429834,1.6472948183010914,1.9133332346981002,2.8540521231730063,3.548998527676563,4.698880455002977,
58.364138233418366,55.668586575255105,59.77883848852041,68.52665045216077,49.01192553034051,48.3986337589717,1.2711437543008781,1.8944017145533478,1.942285824017914,0.4188673309698574,2.864641549506352,3.2022475267599706,
41.95440051020408,65.02720424107143,82.42462531887755,35.63605261447503,21.49094524592151,24.338457421642374,3.0560627814988433,2.354396988296921,-0.9456831618483555,10.183998786743611,9.823615466695134,1.4623273679203797,
21.854651626275512,20.62177136479592,26.761280293367346,25.702226592570085,20.81851948833649,18.624290866684543,5.0985716822387355,4.902669417450019,3.5525399138331037,34.30985629167057,33.50148619213776,20.803440293262458,
55.90806361607143,45.15220424107143,54.74892378826531,43.642196102411724,37.77913823208585,48.73814100220378,1.907722473078928,1.9905277750417074,1.6556961525201004,4.986160280151684,5.7952371714087825,2.147670852233162,
44.281369579081634,97.79609773596938,115.35311702806122,30.949548527488663,47.16553940517116,63.98694484798668,1.5155573823035282,0.12253979978859049,0.4695254042979884,2.385278286939741,-0.6562464026564467,-1.1716312223163372,
63.91466039540816,67.0592115752551,83.16356425382654,48.108874637366306,45.35419727376701,61.53659726291242,1.0285110914764275,0.9046131471275183,0.49705446928676195,0.3991100091218618,0.14265285101667668,-0.931815158300151,
53.92827248086735,29.240055006377553,12.61930006377551,39.61908243125889,37.60139394436693,26.051808859549023,2.125011044517492,2.3733070942000905,3.2949004304723752,4.813944596560435,6.024001065371284,12.72981194479566,
100.43397241709184,85.39279735331633,54.7233737244898,88.02508665778664,63.95674343048472,48.74036290049095,0.6301255519344205,0.9480344137101195,1.529117378386989,-1.1932505408584568,-0.31133371469952786,1.76813281115371,
30.251454878826532,46.595145089285715,55.54340720663265,29.369403638704497,34.88281498955694,38.04596542439969,1.329687124488397,0.17029763954270727,-0.4214635235792657,2.347180624702003,-0.1821767571788553,-0.9021801965173268,
56.79697464923469,30.990991709183675,28.189233896683675,54.32157253431715,32.565366689570794,23.568596887605725,1.2016628127527478,1.4434809721123014,0.9167675101359871,0.8659521298894939,2.0192713377345664,0.9020239823665781,
83.91772959183673,71.16902503188776,52.41543765943877,56.54379700996768,48.853912730879614,34.42160372923074,1.5205080871783372,1.8783910926176555,1.4440708049262934,1.5069017725571046,3.1007835085688624,3.2757128565792692,
39.59580277423469,41.15240353954081,45.55082110969388,26.500724036207853,28.24773022381825,33.96150669016821,1.417097719572528,0.9907805975157968,0.7242441351123605,5.5636837238466335,2.6765908137345455,-0.17317301660677842,
124.19260204081633,79.85883689413265,32.269252232142854,90.80688059071922,59.869691875072,37.81726821068861,0.01750752926793935,0.42709249737484717,2.533344177369275,-1.726933131372737,-0.9685734864248703,7.688203926390166,
21.911252391581634,43.00059789540816,73.00318877551021,45.371169751516526,44.132870059265706,46.85538396739718,3.1474595010869058,2.7290296971247794,1.674870920121252,9.84513397299386,7.98299726883843,4.109831541440729,
47.32997847576531,89.92578125,156.80422911352042,29.830777227172867,48.31161258189767,77.52555124469897,-0.025736477058781407,-0.37071755310552124,-0.6114436931554152,-1.1321350445772753,-1.1533124387777156,-0.9427935127578837,
41.263352997448976,52.33450255102041,85.62342554209184,66.69390803313222,65.77987944988436,53.52363597786657,1.4178054651153138,1.3120459661988415,1.114547144951533,0.5647825201948944,0.5381095754928769,0.5051116170274734,
44.0568997130102,51.20077327806123,55.901586415816325,32.02723081781515,30.449307771931306,32.20838250229911,0.9711007921593423,0.351509740909983,0.036699629932379976,2.1726931549084805,1.0826587065415278,0.33946733640288373,
45.66216916454081,56.116908482142854,78.3221659757653,58.05797108071389,50.489874665075845,46.36126112976185,1.4501281583767167,1.3002151208619965,0.8890453679351568,1.4819556532554863,1.2713573250292116,0.49076991671000947,
12.703105070153061,10.951430963010203,10.666075414540817,34.275924056841646,27.427982373863042,27.905330522527077,4.829177976382914,5.838095892139907,5.990232367697812,25.280761263295414,39.35156094567183,40.12476487793323,
38.86445711096939,38.44834183673469,40.41348453443877,44.2436938760766,42.18647346210467,41.009092455088975,3.3577089116643206,3.2318461795995526,2.959095206396898,11.928777733026067,11.186650565738468,9.916660004847719,
23.192641900510203,26.506357621173468,34.680584343112244,11.252545349976149,18.729127397941053,10.314874615737704,0.8327197675985205,1.4802310246336676,0.25828710939135013,1.3539258752420213,2.1616728373187977,0.009620136142419078,
88.04916693239795,87.76383131377551,83.1552734375,43.36591464637389,42.348131315868415,37.98122807280638,0.0081583486436237,-0.05810255974824038,-0.21067990574941411,-0.15559116095236858,-0.09875829757375021,0.5435768192486621,
39.764429209183675,40.60210060586735,45.427176339285715,33.1789184881043,28.081653437386944,27.95961289808692,2.1054596239581076,1.8476841576224343,0.38340430642056017,5.579277027262799,5.368104483160016,0.8386435932282774,
28.527602838010203,29.212133290816325,32.159837372448976,23.83096169969465,23.61854735419898,23.591323493394363,4.492807082263723,4.558990835574337,4.395904152591082,23.18928462719329,23.782342083357108,22.79347899953811,
40.22708067602041,35.57222576530612,31.161969866071427,44.88172981973262,30.011932367963816,20.432564442824813,2.897827539436553,2.6153802550987044,1.4513472101709448,8.366477873562236,7.93224814613351,2.789041351273073,
33.44485411352041,34.154416454081634,34.70928332270408,40.78423839902306,40.05776669733469,39.06929591797825,2.672450820275,2.684314313481475,2.7825068642273845,7.344109348295294,7.520267163641721,8.300708064692376,
36.71366788903061,31.606823979591837,25.539760044642858,54.25480338863859,52.06229547074641,46.191490905634105,2.0762865921871345,2.098316200581579,2.6266352714778614,3.8093873905741695,3.913806070849513,7.197160143585192,
53.3078762755102,46.24340322066327,55.67233338647959,17.9647372001629,12.863966378541345,9.920880236175474,4.067132785609847,5.648307618249234,5.864720763614484,32.55057370886652,61.81848994443153,81.35319886504804,
15.474250637755102,18.828364158163264,28.197305484693878,37.61598314195244,39.775146238491814,52.8352102699535,3.8502292110926533,3.325490318807527,3.0163182757042715,14.873435874607285,10.527330754139134,8.632400873232092,
74.16071428571429,58.368482940051024,42.688058035714285,51.27436384233572,43.962461547657554,34.37050454266041,2.0410559228825007,2.3884457646573827,2.714145452209146,3.53307545911124,5.282605831244172,8.293266832157396,
7.506756218112245,13.908621651785714,23.883051658163264,10.684000827288267,13.146623367256241,16.715102326621373,12.690658070896406,10.123567860288166,7.922988128704735,189.73358503209312,126.84154683756171,78.70591437513146,
65.81909677933673,45.04251036352041,32.9557955994898,52.277935310775824,24.25430049008064,6.563754062999844,1.1667890445159237,1.3530213915000588,1.3390624776204534,0.029337588810705473,0.680969723815545,6.399296451600954,
100.71157525510205,117.00454400510205,98.09149792729592,63.54647852538923,60.81599230761322,64.09107422302812,0.3423570377830594,0.00015602444321866,0.304262855284999,-0.7623365586390647,-0.7716251626066106,-0.9158359606117821,
43.247090242346935,77.09430803571429,140.9012675382653,21.69673931250477,13.478190745230158,6.76715459889055,2.5780353697892973,2.8331955087060434,-0.017663393575077464,9.267916908236904,13.64807649638579,13.27716685702715,
35.1086575255102,31.717554209183675,30.907405931122447,36.96259636386446,34.63306631085511,38.7560026127506,2.3922739455148117,2.421747207867335,2.7404433025350943,6.340103137786441,7.13095129881378,9.212310515140976,
56.91621492346939,60.349390146683675,58.797771843112244,43.4793023436795,44.58193920501022,44.69217298219875,1.3211273603425011,1.233988403652294,1.1575869552419986,1.1008874897610053,0.7549405995764675,0.5859398324476417,
42.297094228316325,38.415796396683675,36.08193160076531,84.30798101481102,81.57366779823474,78.72403987034353,1.775290901739265,1.9246469579014023,2.0063389516922197,1.444978295702299,1.9932992017625102,2.3301407375725987,
51.356226084183675,79.8061224489796,97.51411033163265,64.05987781078386,51.46202253329293,59.86083923182875,1.2170852178913594,0.390490853787363,-0.14469572817369342,0.42068589052080085,-0.40982923218171674,-1.2592431670286042,
18.8492506377551,10.427873883928571,9.238859215561224,36.19085597053188,31.518231159122983,28.968011540456992,4.041629945269132,5.526613637390467,5.916748384014601,17.994824464013682,32.46742885993337,37.567977957902166,
43.88578204719388,42.57142857142857,53.17269212372449,23.66152559968207,21.9982297960123,28.603602358723364,1.5372002063399188,1.4192665709886731,0.8843559533288289,3.614505038379545,3.4127973630141337,1.0824668558449675,
46.26151945153061,51.72409119897959,84.20412149234694,59.89432298221084,54.32794232487034,67.47804161858224,1.6078290084337166,1.5145070995364966,0.8974890098921374,1.6320388643630057,1.7537962858281881,-0.08793713969220907,
21.292590082908163,27.244599011479593,26.268435108418366,19.271222380985964,21.708698689210745,21.756348881828114,2.8457985631073135,1.7855927776885787,1.5637594163300168,10.015173726920878,3.2746176811989045,2.18593647169841,
56.32264429209184,46.67612005739796,35.820531728316325,41.02978811869636,39.36496765086888,41.404818970316896,2.4503814465545046,2.8120099863002013,3.2426377220189475,8.294968398321346,10.283318734047969,12.687452239363408,
86.98756377551021,77.58027742346938,82.36617107780613,29.45303094020733,29.300680328558986,29.779698179873826,0.26525373837331606,0.2444179269775808,-0.24464112620722364,0.458084686645011,0.47186201646477643,1.567593654677541,
85.40443638392857,86.10010762117346,86.32752710459184,44.98294917108534,50.72722423598,52.88148785919691,1.9229706024172823,0.8940877320845889,0.5761639800222522,4.0986961095184125,0.31980423675471625,-0.5554684805162351,
22.639528858418366,21.684470663265305,26.256955516581634,14.940214320929988,15.31342441734111,18.404590610145046,6.8639830682181815,7.749620702706645,4.981396235502697,80.30658706281133,92.18139109614381,43.65593021988865,
34.31971460459184,35.705735809948976,24.7337571747449,41.60185510599721,37.47351801685649,35.54738464315567,2.3184091119951393,2.433143576772728,2.6504966510206778,5.693938655090449,6.43542337883204,7.839298750662939,
94.36567283163265,88.54296875,84.55400988520408,56.389497631543584,52.49004843717067,51.37523035810269,1.6572941978305713,1.957699277194569,2.069850678806149,1.3487904216559716,2.5195522103152665,3.2403320710025136,
24.363341039540817,32.97983099489796,48.179607780612244,35.98751924161015,29.74237530009743,37.791999147849566,3.2027209511426182,1.8268109972330635,0.5355809585561677,13.38116921428226,5.707802709482772,-0.46648513492424426,
29.990413743622447,18.512635522959183,16.270388233418366,52.68098367453088,35.32320757977199,31.839167610435776,2.0835010663059914,2.9423500167348777,3.1458522157088584,3.799145525383685,9.362124252482925,10.945393479382899,
7.369140625,5.01351243622449,6.03352200255102,26.692834048405377,15.546995877240223,12.112303683033993,4.566026913303407,6.092534508157015,7.287040800734848,20.594244426993036,39.81223846190921,59.26935733281699,
74.51319355867346,66.47873485331633,57.133131377551024,72.58307323643244,55.17721249736852,38.21507182790347,0.6118647551338099,0.5074016541083521,-0.13342704256112928,-0.8144119975992496,-0.9308845182282877,-1.6084511034138442,
28.608318718112244,36.30839445153061,46.7932278380102,33.82128281235299,38.242898037727215,44.54636798937383,2.266587292812613,1.8198499169990159,1.4491060694518547,6.76385858536028,4.131184098299477,2.1517160515823814,
39.96073820153061,30.14485012755102,23.946010044642858,55.8608860406902,46.11515419441013,43.43209772721675,2.008869351258962,2.2316130703135952,2.415596365560098,3.0235536419505724,4.080085960677788,5.187660947164069,
15.127411511479592,54.89042570153061,30.282665019132654,30.66664717454316,27.28417071837518,16.142116347050152,4.138504467604721,1.2853130987220214,2.0124814569410416,20.509700495724715,3.814388786779573,11.781840615522887,
11.233697385204081,26.998604910714285,25.354233099489797,27.702572998021683,21.888353204973296,18.460390851518223,4.225785908634919,5.024729980366096,5.374419273926682,21.821053077759082,31.625223365499842,37.785361977424834,
55.366330516581634,50.35792012117347,46.583904655612244,66.46381485743107,51.8866594486647,45.202702292134234,1.4814992879089932,2.101102895506028,2.4413846902555596,1.0440395345146802,3.5074144151096576,5.226387115039348,
101.58870774872449,97.3647161989796,98.61880181760205,36.13493767173133,36.31678996510722,36.43893350480253,0.5182830318420394,0.4084672570269675,0.34260770237631266,1.3153971572639636,0.6287226081232706,0.6462253970511331,
28.6185227997449,26.63213488520408,35.512376434948976,34.25904525258839,29.311063297582145,29.34460552826656,2.848385348483825,2.952297903822709,2.521892103177706,9.3417246726011,10.794588607325833,8.625560712601494,
73.2369459502551,67.67193478954081,97.12376434948979,59.43112276902836,55.46298003163345,77.52760826129894,-0.1941748061936419,-0.21638743066044852,-0.2864032181324938,-1.727715019574719,-1.7431676444509465,-1.789888776037089,
